CODE_POSTAL,NOMBRE_HABITANTS
1112,107
1114,24
1115,2
1116,349
1117,268
1118,121
1119,21
1120,67
1121,47
1122,2
1123,4
1124,13
1126,85
1127,37
1128,297
1129,109
1130,57
1131,9
1132,48
1133,151
1134,351
1135,79
1136,15
1137,13
1138,4
1139,171
1140,283
1141,59
1142,2
1143,27
1145,463
1146,176
1147,143
1148,418
1149,17
1150,635
1151,81
1152,44
1159,247
1160,165
1161,325
1208,109
1209,38
1210,81
1211,306
1212,57
1213,54
1214,25
1215,178
1216,35
1217,96
1218,282
1219,137
1220,58
1221,1152
1222,33
1223,61
1224,245
1225,9
1226,109
1227,146
1228,7
1229,164
1230,178
1231,178
1232,353
1233,86
1234,35
1236,52
1237,44
1238,38
1239,28
1240,373
1241,52
1242,128
1243,376
1244,52
1245,59
1247,94
1248,4
1249,8
1250,286
1251,456
1254,104
1255,388
1256,18
1257,8
1258,241
1259,8
1260,751
1261,328
1262,147
1263,84
1264,7
1265,73
1266,123
1267,162
1268,45
1269,39
1270,507
1271,46
1272,394
1274,4
1275,78
1276,2
1277,22
1278,115
1279,155
1280,4
1281,19
1309,226
1310,19
1311,281
1312,5
1313,98
1314,77
1316,185
1317,42
1318,197
1319,209
1320,304
1321,981
1322,8
1323,186
1324,93
1325,34
1326,536
1327,4
1328,318
1329,185
1330,134
1331,216
1332,121
1333,35
1335,109
1336,74
1337,43
1338,627
1340,6
1341,13
1342,191
1343,114
1344,163
1345,65
1346,85
1349,17
1350,2
1351,77
1352,5
1353,139
1354,928
1355,66
1357,45
1358,7
1359,1
1361,179
1362,27
1363,481
1364,78
1365,167
1367,4
1368,65
1370,316
1371,456
1372,235
1374,98
1375,48
1409,48
1411,129
1412,85
1413,74
1414,6
1415,107
1416,21
1417,51
1418,4
1419,1
1420,1128
1421,8
1423,1
1424,191
1425,79
1426,122
1427,13
1428,33
1429,255
1430,441
1431,4
1432,3
1434,11
1445,1
1448,32
1449,41
1450,433
1451,152
1452,273
1453,321
1455,113
1456,445
1457,445
1458,15
1459,15
1460,175
1461,293
1462,26
1463,232
1464,94
1465,179
1466,627
1467,226
1468,4
1469,484
1470,249
1471,924
1472,82
1473,302
1474,13
1475,22
1476,26
1477,177
1478,9
1480,65
1481,276
1482,308
1483,231
1490,127
1499,5
1508,53
1509,43
1510,547
1511,674
1512,165
1513,409
1514,132
1515,83
1517,59
1518,164
1519,104
1520,519
1521,402
1522,212
1523,76
1525,11
1526,358
1527,242
1528,3
1529,278
1530,347
1531,161
1532,8
1533,1
1534,495
1535,23
1536,3
1537,142
1538,13
1539,91
1540,245
1541,326
1542,126
1543,1
1544,5
1545,48
1546,23
1548,4
1549,182
1550,364
1610,96
1611,412
1613,268
1615,1
1616,41
1617,544
1618,264
1619,244
1620,128
1621,189
1622,32
1623,26
1624,74
1625,7
1626,98
1627,142
1628,253
1629,52
1630,171
1631,426
1632,141
1633,12
1634,73
1635,208
1637,182
1638,178
1639,55
1640,43
1641,38
1642,177
1643,8
1644,125
1645,86
1646,147
1647,179
1648,7
1649,11
1650,269
1651,223
1654,18
1655,199
1660,64
1661,33
1670,49
1709,28
1710,179
1711,66
1712,79
1713,575
1714,14
1716,132
1717,19
1718,229
1719,158
1721,33
1722,2
1723,125
1724,116
1725,473
1726,174
1727,329
1728,38
1729,94
1730,242
1731,318
1732,31
1733,28
1734,91
1735,1
1736,1
1737,16
1738,67
1739,176
1740,296
1741,578
1742,182
1743,18
1744,76
1745,1
1746,48
1747,301
1749,94
1750,845
1811,4
1812,7
1813,63
1814,63
1815,221
1816,2
1817,37
1820,5
1831,249
1832,47
1833,4
1834,61
1835,155
1836,8
1837,112
1838,6
1839,237
1840,273
1841,204
1842,147
1845,167
1850,77
1851,46
1852,18
1853,116
1854,25
1855,37
1856,219
1857,372
1858,625
1859,25
1860,203
1861,5
1862,63
1863,77
1864,8
1865,211
1866,13
1867,156
1868,15
1870,482
1871,67
1872,17
1880,801
1881,109
1882,1
1898,172
1899,105
1910,36
1911,219
1912,335
1913,162
1914,58
1915,128
1916,52
1917,19
1918,83
1919,49
1920,5
1921,4
1922,66
1923,151
1924,205
1925,96
1926,95
1927,47
1928,1
1929,3
1930,188
1931,121
1932,179
1933,329
1934,91
1935,12
1937,138
1938,106
1939,98
1940,547
1941,767
1943,205
1944,141
1945,17
1946,86
1947,631
1948,475
1949,28
1950,59
1951,44
1952,104
1953,285
1954,65
2111,182
2112,357
2113,47
2114,29
2115,71
2116,15
2117,65
2118,153
2119,47
2121,75
2122,71
2123,5
2124,463
2125,125
2127,46
2128,287
2129,59
2130,145
2131,115
2132,134
2133,231
2134,198
2135,341
2137,96
2138,75
2139,24
2140,3
2141,163
2142,128
2143,565
2145,272
2146,639
2148,155
2149,398
2150,9
2151,51
2152,311
2153,323
2154,44
2155,482
2156,58
2157,101
2158,188
2159,14
2160,49
2161,21
2162,202
2163,138
2164,171
2165,6
2166,15
2167,653
2168,876
2169,28
2170,46
2171,39
2172,33
2173,85
2174,74
2175,185
2176,27
2177,9
2178,21
2179,55
2181,92
2184,34
2210,481
2211,32
2212,23
2213,64
2214,7
2215,22
2220,256
2221,1051
2222,1084
2223,4
2224,163
2225,92
2226,7
2227,62
2228,61
2229,76
2230,542
2231,159
2232,118
2233,142
2240,157
2241,198
2261,8
2262,184
2263,162
2265,35
2266,254
2267,58
2268,54
2269,118
2270,104
2271,48
2272,372
2273,419
2308,18
2309,84
2310,442
2311,507
2312,16
2313,129
2314,14
2316,223
2317,195
2319,171
2320,408
2322,158
2323,89
2324,323
2326,93
2327,97
2328,89
2330,106
2331,122
2332,4
2333,34
2334,5
2335,239
2336,201
2337,5
2338,68
2339,19
2340,114
2341,6
2342,266
2343,578
2344,2
2346,54
2347,2
2348,76
2349,186
2351,93
2352,5
2353,225
2354,2
2355,317
2356,27
2357,3
2358,129
2359,328
2360,387
2380,258
2381,2
2409,81
2410,812
2412,289
2413,8
2414,216
2416,77
2417,117
2418,4
2419,6
2420,113
2422,86
2423,339
2424,16
2425,18
2426,6
2427,217
2428,83
2429,103
2430,727
2431,76
2432,171
2433,47
2434,187
2435,215
2440,596
2441,534
2442,8
2443,223
2444,426
2445,177
2446,283
2447,3
2448,52
2449,177
2450,24
2451,292
2452,6
2453,7
2510,236
2511,303
2512,148
2513,27
2514,54
2515,77
2516,146
2517,12
2518,517
2519,1
2520,89
2521,321
2522,153
2523,21
2524,108
2526,173
2527,57
2528,5
2529,1
2531,189
2533,177
2534,2
2535,167
2536,26
2537,296
2538,76
2539,594
2540,11
2541,31
2542,469
2543,411
2544,145
2545,54
2546,103
2547,6
2548,4
2549,8
2550,519
2551,331
2552,43
2553,45
2554,138
2555,157
2556,19
2557,8
2558,95
2559,98
2560,823
2561,51
2562,24
2563,195
2564,2
2565,25
2566,38
2567,21
2609,12
2610,278
2611,476
2612,52
2613,13
2614,69
2615,18
2616,44
2617,29
2619,101
2620,63
2621,39
2622,33
2623,11
2624,335
2625,228
2626,33
2627,48
2628,584
2629,141
2630,28
2631,127
2632,32
2633,143
2634,1
2635,36
2636,199
2637,41
2651,187
2652,35
2661,65
2662,138
2663,15
2664,55
2665,309
2666,53
2667,38
2668,25
2670,358
2671,33
2672,72
2680,449
2711,119
2712,2
2713,323
2714,317
2715,107
2716,86
2717,21
2718,185
2723,374
2725,28
2726,65
2727,55
2728,144
2729,11
2730,355
2731,88
2732,258
2733,12
2734,322
2736,35
2737,189
2738,149
2739,177
2740,67
2741,151
2761,16
2762,27
2763,171
2764,6
3209,207
3210,134
3211,71
3212,17
3213,14
3214,83
3215,47
3216,57
3217,117
3218,139
3219,3
3220,209
3221,88
3222,119
3223,85
3224,95
3225,16
3229,328
3230,172
3231,104
3232,84
3233,105
3234,64
3235,98
3236,117
3237,75
3238,244
3239,9
3240,242
3241,276
3242,26
3243,63
3249,395
3250,425
3251,406
3252,111
3253,396
3254,184
3255,85
3256,28
3257,95
3258,335
3259,262
3260,483
3261,82
3265,105
3266,49
3267,16
3269,15
3270,336
3271,259
3272,89
3273,94
3274,35
3275,12
3276,29
3277,11
3278,72
3279,147
3280,264
3281,37
3282,73
3283,34
3284,57
3285,23
3286,121
3287,39
3288,131
3311,111
3313,41
3314,119
3315,197
3316,26
3317,505
3318,57
3320,324
3321,1001
3322,158
3323,282
3324,417
3326,284
3327,527
3328,355
3329,109
3330,237
3332,37
3333,255
3334,148
3335,89
3336,198
3337,64
3340,409
3341,217
3345,52
3346,79
3347,246
3348,92
3350,122
3351,9
3352,151
3353,8
3354,133
3355,2
3356,2
3357,94
3358,148
3360,178
3362,32
3363,39
3364,32
3365,11
3366,77
3367,51
3368,35
3369,31
3370,1
3371,25
3372,6
3373,122
3374,118
3376,122
3377,282
3378,344
3380,216
3382,171
3383,202
3384,144
3385,252
3386,38
3389,133
3390,455
3391,192
3392,187
3393,137
3394,352
3395,134
3396,168
3397,391
3398,164
3409,25
3410,59
3411,8
3412,199
3413,18
3414,228
3415,56
3416,334
3417,26
3418,73
3419,104
3420,2
3421,22
3422,72
3423,24
3424,226
3425,183
3426,15
3427,62
3428,305
3429,819
3430,43
3431,6
3432,337
3433,35
3436,129
3439,2
3440,297
3441,203
3442,336
3443,1
3444,66
3445,86
3446,112
3447,19
3448,1
3449,233
3450,401
3453,122
3454,7
3460,57
3461,44
3462,166
3464,38
3465,79
3466,115
3467,223
3468,224
3469,102
3470,244
3471,66
3472,22
3473,13
3474,163
3480,233
3481,284
3482,8
3483,85
3484,5
3485,5
3486,24
3487,131
3488,128
3489,9
3490,294
3491,109
3492,89
3493,55
3501,152
3502,164
3503,71
3504,133
3505,213
3506,44
3507,81
3508,7
3509,343
3510,254
3511,555
3512,234
3513,41
3514,825
3515,433
3516,31
3520,143
3521,103
3522,329
3523,27
3524,243
3525,2
3526,479
3529,31
3530,118
3531,157
3532,7
3539,54
3540,62
3541,33
3542,541
3543,396
3544,107
3545,19
3546,61
3547,24
3548,94
3549,46
3550,88
3552,118
3553,27
3554,6
3560,1
3561,65
3562,114
3563,86
3564,128
3565,65
3566,103
3567,42
3568,79
3569,376
3570,58
3572,145
3573,67
3574,62
3575,39
3576,75
3582,9
3583,623
3584,72
3588,165
3589,65
3590,18
3591,38
3592,33
3593,355
3594,8
3595,66
3596,64
3597,97
3598,438
3611,69
3612,82
3614,52
3615,5
3616,329
3617,148
3620,171
3621,237
3622,6
3630,179
3631,195
3635,115
3636,85
3637,141
3638,94
3640,207
3641,217
3642,49
3643,85
3644,128
3650,241
3651,258
3652,133
3653,118
3654,42
3655,4
3656,121
3657,22
3658,44
3660,154
3670,323
3671,189
3672,414
3673,97
3674,3
3675,42
3676,269
3677,32
3678,8
3679,6
3680,45
3681,15
3682,4
3710,71
3711,6
3712,347
3713,181
3714,177
3715,372
3716,43
3717,76
3718,52
3719,87
3720,218
3721,27
3722,81
3723,88
3724,65
3725,74
3726,87
3727,88
3728,199
3729,77
3730,479
3733,265
3734,252
3735,66
3736,122
3737,172
3738,46
3739,232
3740,18
3741,41
3742,126
3743,183
3744,77
3750,119
3751,3
3752,187
3753,134
3754,169
3755,189
3761,104
3762,314
3763,334
3764,11
3765,95
3766,79
3767,102
3768,307
3770,474
3771,212
3772,47
3773,11
3774,88
3775,37
3776,121
3780,358
3781,138
3782,85
3784,362
3786,339
3787,82
3788,31
3789,62
3790,33
3810,245
3811,232
3812,74
3813,447
3814,115
3815,192
3816,155
3817,35
3818,8
3819,17
3820,325
3821,8
3822,56
3823,63
3824,142
3825,135
3826,5
3830,356
3831,5
3832,168
3833,388
3834,53
3835,1
3836,161
3837,116
3838,8
3839,106
3840,195
3841,167
3842,21
3843,253
3844,2
3850,715
3851,181
3852,52
3853,92
3854,154
3855,749
3856,73
3857,66
3858,14
3859,77
3860,231
3861,359
3862,281
3863,792
3864,256
3870,319
3871,244
3872,109
3873,107
3874,14
3875,54
3876,143
3877,24
3878,79
3879,161
3880,98
3881,59
3882,109
3883,127
3884,25
3895,28
3896,21
3897,67
3898,98
3899,275
3909,23
3910,88
3911,62
3912,111
3913,42
3914,91
3915,18
3916,42
3917,22
3918,213
3919,82
3920,126
3921,194
3922,197
3924,101
3925,57
3926,162
3927,213
3928,29
3929,33
3930,27
3931,59
3932,275
3933,79
3934,93
3935,11
3936,107
3937,119
3938,128
3939,94
3940,234
3941,18
3943,266
3944,16
3945,181
3960,228
3961,293
3980,84
3985,103
4010,33
4011,339
4012,26
4013,128
4014,9
4015,2
4016,19
4017,75
4018,264
4019,8
4020,11
4021,133
4022,116
4023,433
4024,318
4025,579
4026,597
4027,89
4028,17
4029,82
4030,143
4031,482
4032,32
4033,121
4034,93
4035,286
4036,29
4037,122
4038,161
4039,271
4040,329
4041,355
4042,266
4044,46
4045,15
4046,171
4047,111
4048,102
4049,32
4050,391
4051,489
4052,145
4053,276
4054,4
4055,118
4056,194
4057,46
4058,62
4059,13
4060,9
4061,309
4062,26
4063,28
4064,268
4065,65
4066,22
4067,119
4068,23
4069,134
4070,167
4071,211
4072,113
4080,119
4081,311
4082,285
4083,27
4084,54
4085,6
4086,274
4101,124
4102,17
4103,195
4105,173
4106,45
4107,42
4108,473
4109,53
4110,193
4111,78
4112,257
4113,296
4114,3
4115,83
4118,43
4120,85
4121,76
4122,225
4123,362
4125,277
4130,198
4131,126
4132,284
4133,101
4134,17
4135,85
4136,154
4137,131
4138,54
4139,4
4140,29
4141,454
4142,1
4143,85
4149,8
4150,81
4151,179
4152,218
4153,77
4154,5
4155,119
4156,13
4164,16
4165,17
4166,6
4167,84
4168,13
4169,141
4170,549
4171,253
4172,17
4173,13
4174,124
4175,84
4177,211
4178,51
4180,96
4201,182
4202,71
4203,1
4204,298
4206,84
4207,47
4208,89
4209,153
4210,395
4211,18
4213,63
4214,43
4216,57
4217,48
4220,313
4221,209
4222,523
4230,5
4231,63
4232,3
4233,26
4234,29
4235,51
4236,153
4237,9
4238,8
4239,56
4240,353
4241,25
4242,63
4243,655
4244,161
4245,19
4246,43
4247,22
4248,14
4249,156
4250,199
4251,328
4252,85
4253,27
4254,87
4260,333
4261,433
4263,78
4264,131
4265,92
4266,65
4267,88
4268,95
4270,31
4271,75
4272,3
4275,166
4276,198
4277,11
4278,102
4279,4
4280,333
4281,254
4282,61
4283,44
4289,37
4301,177
4302,294
4303,299
4304,78
4305,95
4306,417
4307,75
4308,81
4309,161
4310,48
4314,68
4315,84
4316,242
4317,11
4318,51
4319,125
4320,286
4321,9
4322,6
4323,338
4324,35
4325,34
4326,463
4330,23
4331,35
4332,173
4333,59
4334,135
4335,91
4336,75
4337,69
4340,303
4341,6
4342,54
4343,398
4344,235
4345,139
4346,98
4347,144
4348,235
4349,105
4350,127
4351,279
4352,74
4353,95
4360,43
4361,201
4367,172
4368,9
4369,149
4370,5
4371,55
4380,401
4381,133
4382,233
4383,163
4384,16
4385,1
4390,143
4391,167
4392,126
4393,148
4394,181
4395,1
4396,64
4397,76
4398,38
4405,382
4406,241
4407,323
4408,809
4409,37
4410,4
4411,349
4412,1
4415,138
4416,36
4417,37
4418,233
4419,44
4420,155
4421,7
4422,118
4423,208
4429,129
4430,29
4431,276
4432,31
4433,54
4434,55
4435,155
4436,87
4437,623
4438,28
4439,229
4440,275
4441,316
4442,26
4443,93
4444,246
4445,122
4446,392
4447,123
4448,55
4449,65
4450,374
4451,581
4459,62
4460,476
4461,85
4462,32
4463,165
4464,65
4465,183
4466,62
4467,19
4468,65
4469,52
4470,258
4475,132
4476,16
4477,134
4478,59
4479,99
4480,483
4481,8
4482,261
4483,106
4484,57
4485,35
4486,17
4487,332
4488,97
4489,147
4490,57
4491,37
4492,179
4493,14
4499,414
4505,282
4506,42
4507,139
4508,11
4509,24
4510,614
4511,14
4512,62
4513,295
4514,234
4515,128
4516,115
4517,58
4518,225
4519,95
4520,429
4521,97
4522,146
4523,2
4524,12
4525,52
4526,64
4527,108
4528,178
4529,4
4530,464
4531,576
4532,9
4533,23
4534,137
4535,59
4536,84
4537,66
4538,86
4539,37
4540,612
4542,4
4543,73
4544,286
4545,379
4546,95
4547,31
4548,8
4549,113
4550,154
4551,292
4552,304
4553,215
4554,54
4555,66
4556,81
4557,38
4558,57
4559,17
4560,259
4561,119
4562,3
4563,8
4564,67
4565,9
4569,41
4570,1011
4571,284
4573,19
4574,65
4575,474
4577,282
4579,308
4580,489
4581,437
4582,43
4583,147
4590,49
4591,201
4592,113
4593,29
4594,16
4595,136
4596,7
4597,108
4598,11
4599,395
4601,728
4602,576
4603,28
4604,198
4605,49
4606,28
4607,17
4608,52
4609,147
4610,505
4611,69
4612,195
4613,24
4620,564
4621,79
4622,233
4623,38
4624,21
4625,161
4626,56
4627,117
4628,67
4629,62
4630,336
4631,206
4632,58
4633,59
4634,88
4635,38
4636,174
4638,39
4640,575
4641,53
4642,75
4643,9
4644,108
4645,69
4646,261
4647,79
4648,15
4649,96
4650,222
4651,41
4657,5
4658,4
4660,385
4661,53
4662,258
4663,48
4664,166
4665,72
4666,54
4667,42
4668,31
4669,149
4670,729
4671,354
4676,171
4677,123
4678,55
4679,5
4680,57
4681,99
4682,216
4683,81
4684,119
4685,46
4686,21
4687,839
4688,9
4689,129
4690,99
4691,52
4692,47
4693,105
4696,138
4697,12
4698,18
4702,12
4707,47
4708,8
4709,182
4710,235
4711,177
4712,53
4713,222
4714,12
4715,13
4716,284
4717,76
4718,34
4719,115
4720,356
4721,8
4722,148
4730,28
4731,71
4732,292
4733,166
4734,266
4735,297
4736,179
4737,96
4738,53
4739,158
4740,183
4741,163
4742,2
4743,268
4744,85
4745,241
4750,532
4751,304
4752,91
4753,61
4754,172
4755,42
4756,32
4757,133
4758,4
4759,147
4760,307
4761,217
4762,274
4763,59
4770,159
4771,176
4772,208
4773,226
4774,2
4775,122
4776,247
4777,193
4778,93
4779,16
4780,33
4781,61
4782,101
4783,95
4784,28
4785,31
4786,71
4795,144
4796,45
4797,216
4798,205
4804,327
4805,117
4806,57
4807,191
4808,36
4809,103
4810,686
4811,143
4812,87
4813,86
4814,17
4815,261
4818,497
4819,246
4820,142
4822,97
4824,58
4825,4
4826,163
4829,44
4830,239
4831,1137
4832,58
4833,83
4837,118
4838,33
4839,83
4842,141
4843,144
4844,191
4845,328
4846,64
4847,212
4849,93
4850,9
4853,1
4870,112
4871,44
4872,54
4873,41
4874,84
4875,9
4876,282
4877,96
4878,51
4879,178
4880,226
4881,109
4882,95
4883,98
4884,45
4885,179
4886,8
4887,171
4888,116
4889,24
4907,186
4908,153
4909,65
4910,233
4911,69
4912,144
4913,2
4914,31
4915,29
4916,271
4917,54
4918,229
4919,46
4920,125
4921,4
4922,52
4923,83
4924,178
4925,114
4926,49
4927,16
4928,28
4929,126
4930,488
4931,17
4932,63
4933,83
4934,25
4935,29
4936,22
4937,26
4938,8
4939,78
4940,977
4941,243
4942,294
4943,106
4944,96
4945,237
4946,146
4947,189
4948,3
4949,41
4950,351
4951,193
4952,32
4953,198
4954,178
4955,514
4956,51
4958,4
4959,8
4960,151
4961,306
4962,14
4963,294
4964,397
4965,231
4966,209
4967,185
4968,89
4969,39
4970,51
4971,103
4972,353
4973,246
4974,423
4975,274
4976,237
4977,71
4978,226
4979,179
4980,529
4981,401
4982,81
4984,4
4985,448
4986,226
4987,23
4988,207
4989,451
4990,196
4991,388
4992,298
4993,257
4994,476
4995,419
4996,314
4997,232
4998,162
4999,301
5211,37
5212,1
5213,105
5214,111
5215,77
5216,84
5217,91
5218,18
5219,38
5220,66
5221,87
5222,372
5230,12
5231,281
5232,74
5233,43
5234,17
5236,111
5237,49
5238,52
5239,212
5240,264
5241,182
5243,429
5244,75
5250,141
5251,59
5252,142
5253,33
5254,74
5255,15
5256,168
5280,43
5290,231
5299,57
5310,182
5312,163
5314,129
5316,467
5317,24
5318,14
5320,15
5322,151
5324,45
5326,1
5328,127
5330,145
5331,22
5332,74
5333,183
5334,9
5335,222
5336,3
5337,172
5339,223
5340,9
5341,8
5342,57
5351,213
5352,37
5353,223
5355,321
5359,225
5360,15
5361,91
5362,163
5363,7
5364,355
5365,4
5366,348
5367,278
5368,222
5369,123
5370,233
5371,174
5372,104
5373,144
5374,299
5375,124
5376,2
5377,212
5378,65
5380,284
5401,213
5402,202
5403,135
5404,16
5405,362
5407,334
5408,307
5410,368
5411,385
5412,138
5413,336
5414,42
5415,238
5416,69
5417,127
5418,105
5419,174
5421,505
5422,138
5423,225
5424,209
5425,276
5426,473
5427,405
5429,79
5430,206
5431,203
5432,9
5433,288
5434,143
5435,239
5439,1
5440,294
5441,422
5442,117
5443,15
5444,255
5445,398
5446,27
5447,4
5450,456
5451,483
5460,336
5465,421
5466,9
5470,223
5471,4
5480,455
5481,221
5482,177
5483,102
5485,338
5488,272
5489,105
5495,465
5499,11
5511,46
5512,3
5513,79
5514,21
5515,169
5516,31
5517,149
5518,51
5519,27
5520,34
5521,168
5522,16
5523,46
5530,39
5531,115
5532,95
5533,46
5534,67
5535,53
5536,41
5537,105
5538,36
5539,68
5540,271
5544,2
5548,81
5550,241
5551,86
5552,261
5553,84
5554,1
5555,81
5556,7
5557,42
5558,56
5559,42
5560,161
5561,58
5570,151
5571,45
5572,18
5573,46
5574,65
5575,77
5576,57
5577,108
5610,294
5611,13
5612,35
5613,27
5614,21
5615,39
5616,5
5617,69
5618,264
5619,142
5620,77
5626,103
5627,24
5628,8
5629,3
5630,301
5631,68
5632,25
5633,17
5634,102
5635,135
5636,43
5637,11
5638,262
5639,179
5640,105
5650,239
5651,219
5652,24
5653,81
5654,204
5655,3
5656,2
5657,65
5658,88
5670,45
5671,324
5675,285
5680,365
5681,263
5682,215
5683,194
5684,35
5685,159
5686,147
5687,203
5690,343
5691,11
5692,738
5693,106
5695,132
5698,2
5710,269
5711,119
5712,85
5713,154
5714,48
5716,17
5717,89
5718,5
5719,34
5720,354
5721,64
5722,114
5723,29
5730,111
5740,162
5741,302
5750,481
5751,374
5752,641
5753,16
5754,286
5755,109
5756,162
5760,174
5761,196
5762,257
5770,239
5771,31
5772,273
5774,75
5775,367
5776,99
5808,97
5809,31
5810,208
5811,557
5812,54
5813,97
5814,44
5815,4
5816,73
5817,51
5818,27
5819,124
5820,36
5821,79
5822,26
5823,342
5824,28
5825,127
5826,1
5828,15
5829,48
5830,87
5831,59
5832,125
5833,58
5834,63
5835,138
5836,171
5837,216
5838,94
5839,14
5841,153
5842,168
5843,85
5844,3
5850,53
5852,279
5853,103
5854,87
5855,49
5856,29
5859,4
5860,113
5861,162
5862,58
5863,112
5864,65
5865,103
5866,97
5867,73
5868,141
5869,82
5870,139
5871,11
5872,32
5873,14
5874,25
5875,176
5876,18
5878,35
5880,353
5884,576
5885,215
5886,273
5887,216
5889,6
5890,113
5891,111
5892,171
5893,47
5898,334
5899,354
5942,85
5943,135
5950,206
5951,45
5952,26
5953,73
5954,19
5955,24
5956,122
5957,35
5958,4
5959,236
5960,231
5962,32
5963,27
5964,15
5969,248
5970,38
5971,89
5972,36
5973,52
5974,79
5975,61
5976,33
5977,17
5978,46
6111,84
6112,101
6113,102
6114,357
6115,41
6116,86
6117,102
6118,42
6119,6
6120,15
6121,12
6123,15
6124,127
6130,125
6131,39
6132,88
6133,95
6134,106
6135,41
6136,229
6137,164
6138,76
6139,406
6140,158
6141,15
6142,221
6143,66
6144,4
6145,125
6146,41
6147,36
6148,53
6149,69
6150,127
6155,35
6160,218
6161,192
6162,188
6163,14
6165,293
6166,102
6169,181
6170,427
6171,149
6175,14
6180,28
6181,11
6182,61
6183,286
6184,35
6185,107
6186,257
6187,287
6188,196
6189,6
6190,56
6195,313
6196,145
6210,338
6211,277
6212,448
6213,13
6214,148
6225,414
6230,239
6231,183
6235,244
6238,89
6239,39
6240,138
6243,118
6245,61
6246,142
6250,29
6251,279
6252,34
6255,81
6310,688
6311,264
6312,426
6313,28
6314,165
6315,639
6316,39
6340,106
6350,249
6360,98
6370,389
6380,37
6409,9
6410,34
6411,41
6412,11
6413,21
6414,128
6415,9
6416,36
6417,115
6418,5
6419,119
6420,71
6421,2
6422,28
6430,64
6431,21
6432,58
6433,1
6434,238
6435,7
6436,1
6437,94
6438,1
6439,85
6440,331
6441,8
6442,45
6445,7
6446,14
6447,16
6448,176
6449,15
6450,507
6451,42
6452,13
6453,188
6454,74
6460,121
6461,37
6462,61
6463,277
6464,41
6465,2
6466,2
6467,148
6469,96
6470,162
6471,85
6472,14
6473,9
6474,11
6475,69
6476,61
6477,71
6478,116
6479,133
6480,98
6481,31
6482,2
6483,46
6484,113
6485,2
6486,18
6487,6
6488,44
6490,231
6491,23
6492,62
6493,29
6494,4
6495,27
6496,112
6497,28
6499,13
6550,506
6551,27
6552,337
6553,162
6555,345
6557,126
6558,17
6559,102
6560,81
6562,66
6570,133
6571,119
6572,228
6579,73
6580,164
6581,298
6582,99
6583,218
6585,301
6586,266
6587,101
6590,81
6610,35
6611,99
6612,36
6613,9
6614,127
6615,99
6616,146
6617,218
6618,79
6619,3
6620,1
6621,45
6622,56
6623,29
6630,351
6631,72
6632,38
6633,225
6634,62
6635,14
6636,2
6637,515
6638,35
6645,13
6646,135
6647,7
6648,62
6649,28
6650,79
6651,45
6660,217
6661,182
6663,15
6665,19
6666,9
6669,36
6670,278
6671,98
6672,51
6673,118
6674,28
6675,82
6676,18
6678,77
6680,193
6681,91
6682,15
6683,8
6684,84
6685,93
6686,17
6687,5
6688,1
6689,28
6690,159
6691,218
6692,27
6693,64
6695,25
6711,1
6712,2
6713,172
6714,17
6715,139
6716,17
6717,147
6718,104
6719,51
6720,149
6722,41
6723,85
6724,55
6725,83
6726,123
6730,114
6731,17
6732,27
6733,9
6734,84
6735,2
6736,77
6737,18
6738,21
6739,99
6740,49
6741,29
6742,7
6743,109
6744,9
6745,55
6750,225
6751,86
6752,2
6753,52
6754,41
6755,4
6756,19
6757,38
6758,107
6759,49
6760,142
6761,37
6762,5
6763,9
6764,19
6765,78
6770,11
6771,89
6772,33
6773,1
6774,72
6775,14
6776,36
6777,148
6778,95
6779,5
6780,24
6781,1
6782,136
6783,168
6784,2
6785,44
6786,53
6790,89
6791,139
6792,142
6793,286
6794,12
6795,173
6796,97
6830,609
6831,351
6832,258
6833,428
6834,424
6835,99
6836,73
6837,55
6838,19
6839,226
6840,185
6841,203
6842,7
6850,649
6851,3
6852,2
6858,218
6868,548
6869,8
6870,56
6871,6
6880,26
6910,282
6911,136
6912,65
6913,15
6914,2
6915,213
6916,209
6917,383
6919,308
6921,19
6922,197
6923,1
6925,34
6926,246
6930,338
6931,329
6933,198
6934,98
6939,144
6940,293
6941,169
6942,302
6943,135
6944,249
6945,136
6946,24
6948,2
6950,244
6951,251
6955,137
6956,22
6960,12
6961,149
6962,356
6969,116
6970,331
6971,12
6972,22
6973,39
6974,17
6975,117
6976,29
6977,104
6978,11
6979,38
6980,116
6981,86
6982,106
6985,38
6986,25
6987,53
6988,83
6989,113
6990,267
6991,34
6992,29
6995,42
6996,131
6997,29
6998,9
7209,9
7210,127
7211,44
7212,175
7213,106
7214,71
7215,56
7216,158
7217,32
7218,88
7219,54
7220,493
7221,24
7222,181
7223,21
7224,303
7225,116
7226,69
7227,175
7228,67
7229,12
7230,286
7231,69
7232,161
7233,473
7234,142
7235,27
7236,24
7237,216
7238,85
7239,72
7240,458
7241,236
7242,14
7243,389
7244,95
7245,4
7246,176
7247,134
7248,146
7249,126
7250,88
7251,47
7252,17
7253,68
7254,181
7255,57
7256,121
7257,131
7258,52
7259,102
7260,501
7261,11
7262,54
7263,95
7264,76
7268,82
7269,3
7270,169
7274,105
7302,155
7303,17
7304,14
7305,102
7306,58
7307,433
7308,92
7309,39
7310,5
7311,12
7312,101
7313,202
7314,55
7315,38
7316,3
7317,266
7318,43
7319,96
7320,18
7321,138
7322,172
7323,56
7324,164
7325,52
7326,31
7327,81
7328,15
7329,168
7330,341
7331,17
7332,9
7333,224
7334,3
7335,169
7336,137
7337,51
7338,42
7339,81
7340,122
7341,55
7342,46
7343,179
7344,152
7345,3
7346,172
7347,204
7348,58
7349,231
7350,144
7351,36
7352,31
7353,203
7354,21
7355,23
7356,44
7357,28
7358,26
7359,4
7360,173
7361,2
7362,8
7363,73
7364,261
7370,148
7371,65
7372,104
7373,279
7374,303
7375,92
7376,28
7377,94
7378,36
7379,9
7380,33
7381,439
7382,59
7383,37
7384,17
7390,177
7391,29
7392,114
7395,221
7396,146
7397,11
7409,12
7410,515
7411,166
7412,57
7415,313
7416,26
7417,225
7418,513
7420,38
7421,273
7423,195
7424,17
7425,48
7430,353
7431,37
7432,614
7433,233
7435,3
7440,266
7441,141
7442,14
7443,52
7444,97
7445,5
7446,95
7447,527
7448,61
7449,73
7450,447
7451,62
7452,92
7453,105
7454,19
7455,16
7456,36
7457,97
7458,65
7460,105
7461,2
7462,312
7463,252
7464,4
7465,321
7470,322
7471,129
7473,235
7475,328
7480,546
7481,536
7482,126
7511,147
7512,11
7513,503
7514,9
7515,13
7516,172
7517,101
7518,17
7519,84
7520,208
7521,185
7522,78
7523,3
7524,4
7525,303
7526,228
7531,64
7532,4
7533,52
7534,62
7535,48
7536,19
7537,25
7538,115
7539,109
7540,1171
7541,62
7542,141
7543,34
7544,19
7545,314
7546,67
7547,145
7553,36
7554,72
7555,34
7556,57
7557,119
7558,91
7559,5
7560,14
7561,43
7562,245
7563,55
7564,12
7565,82
7566,42
7567,104
7568,113
7569,159
7570,547
7571,26
7572,23
7590,386
7591,96
7592,136
7593,262
7594,117
7595,477
7596,143
7597,287
7598,8
7599,9
7610,87
7612,3
7613,3
7615,71
7618,31
7619,146
7620,33
7621,23
7622,133
7623,65
7624,174
7625,262
7626,132
7627,1
7633,26
7634,94
7635,265
7636,221
7639,76
7640,434
7641,285
7649,53
7650,241
7651,468
7652,47
7653,247
7660,34
7661,328
7662,222
7663,249
7664,224
7670,318
7673,3
7680,255
7681,274
7711,5
7712,74
7713,95
7714,67
7715,79
7716,88
7720,84
7721,148
7722,5
7723,91
7724,54
7726,1
7727,154
7730,63
7731,103
7732,97
7733,32
7734,7
7735,171
7738,6
7739,17
7740,347
7741,31
7758,14
7759,48
7760,29
7761,34
7762,284
7763,39
7764,24
7765,202
7766,196
7767,17
7768,19
7769,126
7770,3
7771,42
7772,46
7773,18
7774,81
7777,36
7778,5
7779,2
7780,191
7781,19
7782,214
7783,24
7784,139
7785,63
7786,39
7787,25
7788,156
7789,21
7790,395
7791,14
7792,17
7793,235
7794,101
7795,6
8008,219
8009,341
8010,363
8011,399
8012,45
8013,74
8014,101
8015,11
8016,57
8017,299
8018,2
8019,202
8020,28
8021,194
8022,213
8023,261
8024,244
8025,159
8026,57
8027,88
8028,118
8029,67
8030,778
8031,102
8033,165
8034,125
8035,289
8036,8
8037,66
8038,8
8039,206
8040,22
8041,924
8042,132
8043,103
8044,45
8045,13
8046,86
8047,22
8048,137
8049,319
8051,43
8052,152
8053,308
8054,18
8055,391
8056,108
8057,6
8058,67
8059,55
8061,75
8062,8
8063,212
8064,237
8065,121
8066,46
8067,513
8068,51
8069,54
8070,2
8071,106
8072,145
8074,78
8075,51
8076,299
8077,1256
8078,25
8079,235
8080,513
8081,651
8082,49
8083,113
8084,177
8085,219
8086,416
8087,131
8088,63
8089,68
8090,19
8091,3
8092,84
8093,74
8094,317
8095,142
8096,303
8097,41
8110,37
8111,46
8112,52
8116,38
8118,46
8119,177
8120,24
8121,64
8123,3
8124,79
8125,55
8126,19
8127,4
8128,86
8129,7
8130,15
8131,87
8132,14
8133,61
8134,49
8135,45
8137,21
8138,72
8139,54
8140,648
8141,59
8142,39
8145,15
8146,6
8147,103
8149,84
8150,43
8151,306
8152,19
8153,37
8154,24
8156,158
8157,53
8158,35
8159,14
8160,29
8161,8
8165,8
8166,138
8167,5
8180,44
8181,193
8182,1
8183,6
8184,79
8185,145
8186,52
8187,32
8188,13
8189,66
8190,172
8191,44
8209,12
8210,21
8211,198
8212,12
8213,186
8214,77
8215,62
8216,85
8217,206
8218,45
8219,1
8220,238
8221,7
8222,2
8223,38
8224,417
8225,68
8226,91
8227,304
8228,157
8229,87
8230,127
8231,82
8232,145
8233,61
8234,71
8235,102
8236,21
8237,85
8238,19
8239,77
8240,122
8241,221
8242,19
8244,47
8245,216
8246,56
8247,107
8248,75
8249,204
8250,102
8251,15
8252,19
8253,102
8254,57
8255,163
8258,318
8259,89
8260,156
8261,122
8262,39
8263,26
8264,79
8265,209
8266,98
8267,5
8268,27
8269,58
8270,7
8271,77
8272,105
8273,68
8274,283
8277,179
8278,141
8279,312
8280,19
8281,317
8282,158
8283,38
8284,217
8285,17
8286,183
8287,7
8288,31
8289,234
8290,131
8291,254
8292,71
8293,268
8294,136
8295,298
8308,2
8310,252
8311,175
8312,29
8313,45
8314,69
8315,61
8316,32
8317,99
8318,41
8319,36
8320,275
8321,59
8322,6
8323,186
8324,2
8325,184
8326,94
8327,44
8328,18
8329,8
8330,4
8331,29
8332,27
8333,56
8334,21
8335,14
8336,14
8337,47
8338,44
8339,48
8340,274
8341,19
8342,55
8343,51
8344,54
8345,48
8350,229
8351,112
8352,322
8353,231
8354,224
8355,358
8356,206
8357,156
8358,288
8359,222
8360,257
8361,261
8362,98
8363,237
8364,189
8365,485
8366,349
8367,232
8368,244
8369,129
8370,317
8371,303
8372,221
8373,453
8374,272
8375,32
8376,318
8378,378
8379,269
8380,14
8381,298
8383,296
8384,18
8385,118
8386,269
8387,316
8388,128
8390,413
8391,274
8392,384
8393,217
8394,13
8395,236
8396,116
8398,25
8399,9
8410,225
8411,26
8412,31
8413,4
8414,1
8415,124
8420,7
8421,83
8422,27
8423,42
8424,32
8435,31
8436,281
8437,198
8440,404
8441,36
8442,25
8443,37
8444,4
8445,51
8447,137
8448,105
8449,17
8450,119
8451,58
8452,48
8453,3
8460,232
8461,1
8462,23
8463,3
8464,12
8465,1
8466,71
8467,26
8468,54
8469,211
8470,8
8471,8
8472,209
8473,66
8474,85
8475,7
8476,123
8477,59
8478,209
8479,168
8480,211
8506,239
8507,67
8508,515
8509,318
8510,279
8511,12
8521,262
8522,193
8523,248
8525,131
8526,105
8528,267
8529,23
8530,213
8531,245
8533,109
8537,318
8538,361
8539,2
8540,408
8541,51
8542,128
8543,111
8544,239
8545,431
8546,104
8550,224
8551,337
8552,436
8557,163
8558,213
8560,296
8561,129
8562,217
8606,329
8609,98
8610,125
8611,404
8612,308
8613,211
8614,245
8615,11
8620,217
8705,27
8706,257
8707,294
8708,113
8710,635
8711,218
8715,497
8720,206
8805,305
8806,217
8808,249
8809,14
8811,152
8812,174
8813,123
8814,282
8816,22
8817,33
8818,3
8819,11
8820,218
8821,184
8822,118
8823,22
8824,348
8825,132
8826,329
8831,1
8832,206
8833,448
8834,213
8835,129
8838,331
9010,128
9011,48
9012,518
9013,142
9014,14
9015,6
9016,203
9017,12
9018,44
9019,11
9020,113
9021,9
9022,154
9023,85
9024,87
9025,59
9026,53
9027,25
9028,105
9029,95
9030,374
9031,124
9040,58
9041,8
9042,19
9043,222
9044,94
9045,91
9046,102
9047,411
9048,145
9050,114
9051,194
9052,108
9053,4
9054,255
9055,71
9056,8
9060,41
9061,262
9062,7
9063,3
9065,63
9066,74
9068,429
9069,1
9070,8
9071,164
9072,15
9080,408
9081,127
9082,26
9083,87
9084,19
9085,29
9086,77
9087,4
9088,499
9089,222
9090,495
9091,74
9092,139
9094,48
9099,75
9115,24
9116,43
9117,9
9118,61
9119,46
9120,18
9121,27
9122,21
9123,51
9124,85
9125,608
9126,13
9127,74
9128,15
9129,12
9130,26
9131,42
9132,247
9133,91
9134,42
9135,108
9136,4
9137,307
9140,546
9142,46
9144,135
9145,291
9146,212
9147,603
9150,436
9151,303
9153,88
9154,491
9155,451
9156,41
9157,461
9158,91
9160,268
9161,41
9163,81
9164,296
9165,223
9166,13
9167,649
9168,453
9169,413
9170,684
9171,214
9172,165
9173,152
9175,486
9176,672
9177,368
9179,319
9180,209
9181,157
9182,38
9183,142
9184,383
9186,448
9188,413
9189,352
9190,357
9191,201
9205,52
9206,25
9207,48
9208,86
9209,489
9210,23
9211,22
9212,7
9213,69
9214,14
9215,28
9216,257
9217,98
9218,19
9220,27
9221,229
9224,17
9225,25
9227,278
9229,152
9230,8
9231,62
9232,14
9233,241
9234,29
9235,115
9236,1
9237,29
9238,76
9239,11
9240,187
9241,9
9242,261
9243,3
9244,171
9245,15
9250,4
9251,173
9252,21
9253,129
9254,9
9255,27
9256,39
9257,2
9258,2
9259,21
9260,16
9261,166
9262,168
9263,62
9264,149
9265,198
9266,12
9267,4
9268,37
9273,37
9275,11
9276,15
9277,23
9278,27
9279,74
9280,114
9281,2
9282,75
9283,18
9284,2
9285,166
9286,38
9287,6
9288,65
9289,95
9290,12
9291,132
9292,43
9293,1
9294,44
9330,5
9340,2
9350,296
9351,258
9352,21
9353,439
9354,53
9355,255
9356,62
9357,388
9359,46
9360,16
9361,148
9364,11
9365,231
9366,422
9368,25
9369,23
9370,51
9371,145
9372,96
9373,274
9375,239
9376,264
9377,11
9378,137
9380,191
9381,232
9382,249
9390,344
9391,436
9392,2
9395,12
9405,47
9406,31
9407,24
9408,34
9409,14
9410,283
9411,224
9412,13
9414,58
9415,108
9416,92
9417,28
9418,57
9419,13
9420,132
9421,68
9422,46
9423,12
9424,27
9425,166
9426,8
9440,296
9451,121
9452,234
9453,118
9454,259
9455,163
9456,116
9457,88
9458,13
9459,94
9461,85
9462,122
9463,93
9464,11
9465,6
9466,142
9510,112
9511,427
9512,159
9513,158
9514,184
9515,314
9516,95
9517,133
9518,108
9519,81
9520,62
9521,142
9522,5
9523,21
9530,147
9531,22
9532,34
9533,32
9534,76
9535,95
9536,9
9537,74
9538,17
9539,6
9540,76
9541,58
9542,167
9543,375
9544,91
9545,28
9550,303
9551,5
9552,16
9553,65
9554,242
9555,56
9556,228
9557,19
9558,124
9560,347
9570,109
9571,95
9572,12
9573,115
9574,71
9575,4
9576,89
9577,106
9578,21
9579,12
9631,104
9632,68
9633,443
9635,15
9636,105
9637,86
9638,142
9639,243
9640,335
9641,223
9643,163
9644,344
9645,341
9647,414
9648,374
9650,378
9651,32
9653,301
9654,104
9655,174
9656,174
9657,162
9659,6
9660,224
9662,251
9663,154
9665,98
9666,3
9668,32
9669,69
9670,131
9671,205
9672,22
9673,235
9674,589
9676,373
9678,339
9681,164
9682,75
9684,51
9687,235
9689,346
9690,147
9696,181
9706,188
9707,13
9708,55
9709,231
9710,16
9711,232
9712,38
9713,102
9714,141
9715,7
9737,2
9738,161
9740,271
9741,93
9742,291
9743,23
9744,125
9745,141
9746,216
9747,193
9748,331
9749,112
9751,21
9752,189
9753,624
9754,11
9755,294
9756,18
9757,62
9758,6
9759,289
9760,117
9761,78
9762,125
9763,175
9764,525
9765,28
9766,215
9767,266
9768,301
9769,8
9770,103
9771,126
9772,204
9773,96
9774,132
9775,199
9776,269
9780,238
9805,77
9806,341
9807,276
9808,186
9809,151
9830,53
9831,292
9833,93
9834,265
9835,266
9836,4
9837,183
9838,281
9839,123
9840,58
9841,446
9902,11
9903,12
9905,366
9906,67
9907,42
9908,11
9909,119
9910,5
9911,174
9912,274
9913,123
9940,425
9942,17
9943,198
9944,128
9946,228
9948,126
9950,44
9952,158
9954,48
9956,185
9960,319
9962,83
9964,42
9966,2
9968,19
9970,122
9972,289
9974,14
9976,55
9980,343
9982,42
9990,574
9991,401
9992,96
9993,138
9999,17